www.reddit.com,Apr 29,15:00:19,1,192.168.86.1,4.572,4.494,4.469,4.511666666666667
www.reddit.com,Apr 29,15:00:19,2,96.120.74.249,15.417,15.380,15.357,15.384666666666666
www.reddit.com,Apr 29,15:00:19,3,68.86.223.249,14.129,14.113,14.095,14.112333333333332
www.reddit.com,Apr 29,15:00:19,4,96.108.142.197,16.106,16.088,16.071,16.088333333333335
www.reddit.com,Apr 29,15:00:19,5,68.85.35.37,17.681,26.388,26.370,23.47966666666667
www.reddit.com,Apr 29,15:00:19,6,96.110.42.37,26.350,22.022,21.831,23.401
www.reddit.com,Apr 29,15:00:19,7,96.110.37.54,21.784,17.911,25.795,21.830000000000002
www.reddit.com,Apr 29,15:00:19,8,50.242.150.178,50.409,14.824,132.672,65.96833333333333
www.reddit.com,Apr 29,15:00:19,9,151.101.1.140,14.787,14.690,14.636,14.704333333333333
www.reddit.com,Apr 29,15:00:19,9
www.reddit.com,Apr 29,15:00:20,"[184.0, 47.7, 308.0, 29.7, 15.9, 56.1, 133.0, 231.0, 95.1, 190.0]",129.05
www.reddit.com,Apr 29,15:00:30,0,192.168.86.215,3.061560,18%
www.reddit.com,Apr 29,15:00:30,0,10337.927083,0.001019
www.reddit.com,Apr 29,15:00:30,1,192.168.86.1,29.229935,0%
www.reddit.com,Apr 29,15:00:30,1,1427.137944,0.072929
www.reddit.com,Apr 29,15:00:30,2,96.120.74.249,0.000000,0%
www.reddit.com,Apr 29,15:00:30,2,0.000000,0.018084
www.reddit.com,Apr 29,15:00:30,3,68.86.223.249,0.000000,2%
www.reddit.com,Apr 29,15:00:30,3,0.000000,-0.039609
www.reddit.com,Apr 29,15:00:30,4,96.108.142.197,0.000000,0%
www.reddit.com,Apr 29,15:00:30,4,0.000000,-0.016104
www.reddit.com,Apr 29,15:00:30,5,68.85.35.37,--.---,0%
www.reddit.com,Apr 29,15:00:30,5,582.914157,0.002396
www.reddit.com,Apr 29,15:00:30,6,96.110.42.37,0.000000,0%
www.reddit.com,Apr 29,15:00:30,6,0.000000,0.019424
www.reddit.com,Apr 29,15:00:30,7,96.110.37.54,--.---,0%
www.reddit.com,Apr 29,15:00:30,7,1047.890548,-0.007513
www.reddit.com,Apr 29,15:00:30,8,50.242.150.178,3.005775,0%
www.reddit.com,Apr 29,15:00:30,8,739.001622,0.021540
www.reddit.com,Apr 29,15:00:30,9
www.reddit.com,Apr 29,15:03:10,1,192.168.86.1,4.850,4.655,4.596,4.700333333333333
www.reddit.com,Apr 29,15:03:10,2,96.120.74.249,36.916,50.461,50.423,45.93333333333334
www.reddit.com,Apr 29,15:03:10,3,68.86.223.249,50.708,50.656,50.565,50.643
www.reddit.com,Apr 29,15:03:10,4,96.108.142.197,50.196,50.839,50.789,50.608000000000004
www.reddit.com,Apr 29,15:03:10,5,68.85.35.37,50.744,55.715,55.671,54.04333333333333
www.reddit.com,Apr 29,15:03:10,6,96.110.42.37,58.640,43.836,43.597,48.691
www.reddit.com,Apr 29,15:03:10,7,96.110.37.54,35.502,61.451,14.759,37.23733333333333
www.reddit.com,Apr 29,15:03:10,8,50.242.150.178,14.989,14.932,14.885,14.935333333333332
www.reddit.com,Apr 29,15:03:10,9,151.101.1.140,14.801,14.760,14.718,14.759666666666666
www.reddit.com,Apr 29,15:03:10,9
www.reddit.com,Apr 29,15:03:12,"[67.4, 18.1, 19.9, 23.2, 252.0, 286.0, 222.0, 27.4, 64.4, 154.0]",113.44000000000001
www.reddit.com,Apr 30,14:59:31,1,192.168.86.1,6.208,6.087,6.045,6.113333333333333
www.reddit.com,Apr 30,14:59:31,2,96.120.74.249,15.383,15.368,15.350,15.366999999999999
www.reddit.com,Apr 30,14:59:31,3,68.86.223.249,16.248,16.202,16.172,16.207333333333334
www.reddit.com,Apr 30,14:59:31,4,96.108.142.197,15.631,15.612,15.461,15.568
www.reddit.com,Apr 30,14:59:31,5,68.85.35.37,16.460,16.434,21.206,18.033333333333335
www.reddit.com,Apr 30,14:59:31,6,96.110.42.37,33.490,19.862,19.635,24.329000000000004
www.reddit.com,Apr 30,14:59:31,7,96.110.37.54,56.028,20.404,20.228,32.22
www.reddit.com,Apr 30,14:59:31,8,50.242.150.178,25.365,25.308,25.250,25.307666666666666
www.reddit.com,Apr 30,14:59:31,9,151.101.1.140,39.266,21.859,21.774,27.633
www.reddit.com,Apr 30,14:59:31,9
www.reddit.com,Apr 30,14:59:32,"[78.3, 72.4, 31.1, 31.1, 29.5, 35.9, 103.0, 130.0, 55.5, 55.0]",62.17999999999999
www.reddit.com,Apr 30,14:59:42,0,192.168.86.215,3.858097,20%
www.reddit.com,Apr 30,14:59:42,0,20299.518681,0.001315
www.reddit.com,Apr 30,14:59:42,1,192.168.86.1,0.000000,0%
www.reddit.com,Apr 30,14:59:42,1,0.000000,0.025718
www.reddit.com,Apr 30,14:59:42,2,96.120.74.249,--.---,0%
www.reddit.com,Apr 30,14:59:42,2,2374.267527,-0.007065
www.reddit.com,Apr 30,14:59:42,3,68.86.223.249,0.000000,0%
www.reddit.com,Apr 30,14:59:42,3,0.000000,0.002055
www.reddit.com,Apr 30,14:59:42,4,96.108.142.197,0.000000,0%
www.reddit.com,Apr 30,14:59:42,4,0.000000,0.004715
www.reddit.com,Apr 30,14:59:42,5,68.85.35.37,--.---,0%
www.reddit.com,Apr 30,14:59:42,5,1037.344016,-0.007375
www.reddit.com,Apr 30,14:59:42,6,96.110.42.37,--.---,0%
www.reddit.com,Apr 30,14:59:42,6,--.---,-0.009493
www.reddit.com,Apr 30,14:59:42,7,96.110.37.54,--.---,0%
www.reddit.com,Apr 30,14:59:42,7,2232.824450,0.005919
www.reddit.com,Apr 30,14:59:42,8,50.242.150.178,5.006733,0%
www.reddit.com,Apr 30,14:59:42,8,--.---,0.000047
www.reddit.com,Apr 30,14:59:42,9
www.reddit.com,Apr 30,15:02:03,1,192.168.86.1,5.554,5.245,5.203,5.334
www.reddit.com,Apr 30,15:02:03,2,96.120.74.249,14.824,14.802,14.784,14.803333333333333
www.reddit.com,Apr 30,15:02:03,3,68.86.223.249,15.643,15.628,15.609,15.626666666666667
www.reddit.com,Apr 30,15:02:03,4,96.108.142.197,16.580,16.562,16.543,16.561666666666664
www.reddit.com,Apr 30,15:02:03,5,68.85.35.37,16.522,26.832,26.814,23.389333333333337
www.reddit.com,Apr 30,15:02:03,6,96.110.42.37,35.003,22.272,30.428,29.234333333333336
www.reddit.com,Apr 30,15:02:03,7,96.110.37.54,30.366,16.746,35.475,27.528999999999996
www.reddit.com,Apr 30,15:02:03,8,50.242.150.178,88.134,15.761,15.621,39.83866666666666
www.reddit.com,Apr 30,15:02:03,9,151.101.1.140,15.592,16.351,16.330,16.090999999999998
www.reddit.com,Apr 30,15:02:03,9
www.reddit.com,Apr 30,15:02:04,"[22.0, 45.4, 109.0, 41.2, 35.0, 15.3, 93.7, 91.6, 96.2, 30.6]",58.000000000000014
www.reddit.com,May 05,14:59:18,1,192.168.86.1,4.605,4.503,4.478,4.528666666666667
www.reddit.com,May 05,14:59:18,2,96.120.74.249,14.676,14.657,14.606,14.646333333333333
www.reddit.com,May 05,14:59:18,3,68.86.223.249,15.766,15.736,15.712,15.738
www.reddit.com,May 05,14:59:18,4,96.108.142.197,15.166,15.147,16.734,15.682333333333334
www.reddit.com,May 05,14:59:18,5,68.85.35.37,16.698,16.679,16.662,16.679666666666666
www.reddit.com,May 05,14:59:18,6,96.110.42.37,23.940,16.719,20.117,20.25866666666667
www.reddit.com,May 05,14:59:18,7,96.110.37.54,21.620,15.368,15.265,17.417666666666666
www.reddit.com,May 05,14:59:18,8,50.242.150.178,14.700,18.280,18.174,17.051333333333336
www.reddit.com,May 05,14:59:18,9,151.101.1.140,18.000,17.977,17.958,17.978333333333335
www.reddit.com,May 05,14:59:18,9
www.reddit.com,May 05,14:59:19,"[33.1, 19.4, 17.4, 17.0, 22.3, 18.1, 22.8, 17.6, 26.0, 34.0]",22.770000000000003
www.reddit.com,May 01,14:59:29,0,192.168.86.215,0.000000,20%
www.reddit.com,May 01,14:59:29,0,0.000000,0.001400
www.reddit.com,May 01,14:59:29,1,192.168.86.1,0.000000,0%
www.reddit.com,May 01,14:59:29,1,0.000000,0.025552
www.reddit.com,May 01,14:59:29,2,96.120.74.249,0.000000,0%
www.reddit.com,May 01,14:59:29,2,0.000000,-0.004131
www.reddit.com,May 01,14:59:29,3,68.86.223.249,0.000000,0%
www.reddit.com,May 01,14:59:29,3,0.000000,0.003451
www.reddit.com,May 01,14:59:29,4,96.108.142.197,0.000000,0%
www.reddit.com,May 01,14:59:29,4,0.000000,-0.006432
www.reddit.com,May 01,14:59:29,5,68.85.35.37,0.000000,0%
www.reddit.com,May 01,14:59:29,5,0.000000,0.016346
www.reddit.com,May 01,14:59:29,6,96.110.42.37,--.---,0%
www.reddit.com,May 01,14:59:29,6,835.558721,-0.010042
www.reddit.com,May 01,14:59:29,7,96.110.37.54,5.771790,0%
www.reddit.com,May 01,14:59:29,7,--.---,-0.000093
www.reddit.com,May 01,14:59:29,8,50.242.150.178,0.000000,0%
www.reddit.com,May 01,14:59:29,8,0.000000,-0.002888
www.reddit.com,May 01,14:59:29,9
www.reddit.com,May 01,15:01:52,1,192.168.86.1,5.469,5.373,5.336,5.392666666666667
www.reddit.com,May 01,15:01:52,2,96.120.74.249,16.714,16.695,16.675,16.694666666666667
www.reddit.com,May 01,15:01:52,3,68.86.223.249,16.005,15.990,15.971,15.988666666666665
www.reddit.com,May 01,15:01:52,4,96.108.142.197,16.590,16.571,16.553,16.57133333333333
www.reddit.com,May 01,15:01:52,5,68.85.35.37,23.048,24.772,30.313,26.04433333333333
www.reddit.com,May 01,15:01:52,6,96.110.42.37,33.227,17.946,17.858,23.010333333333335
www.reddit.com,May 01,15:01:52,7,96.110.37.54,17.816,17.327,21.963,19.035333333333334
www.reddit.com,May 01,15:01:52,8,50.242.150.178,49.383,14.130,15.485,26.332666666666668
www.reddit.com,May 01,15:01:52,9,151.101.1.140,20.659,47.534,15.921,28.038
www.reddit.com,May 01,15:01:52,9
www.reddit.com,May 01,15:01:52,"[85.7, 52.8, 20.9, 57.5, 84.8, 54.4, 19.1, 30.1, 73.3, 32.8]",51.14
www.reddit.com,May 02,14:59:56,1,192.168.86.1,5.392,5.314,5.295,5.333666666666666
www.reddit.com,May 02,14:59:56,2,96.120.74.249,18.941,18.925,18.914,18.926666666666666
www.reddit.com,May 02,14:59:56,3,68.86.223.249,19.576,19.557,19.537,19.556666666666665
www.reddit.com,May 02,14:59:56,4,96.108.142.197,18.813,18.803,18.768,18.794666666666668
www.reddit.com,May 02,14:59:56,5,68.85.35.37,18.891,26.316,26.296,23.83433333333333
www.reddit.com,May 02,14:59:56,6,96.110.42.37,26.860,20.481,20.326,22.555666666666667
www.reddit.com,May 02,14:59:56,7,96.110.37.54,19.693,24.964,26.723,23.793333333333333
www.reddit.com,May 02,14:59:56,8,50.242.150.178,26.347,14.138,14.039,18.174666666666667
www.reddit.com,May 02,14:59:56,9,151.101.1.140,14.015,13.993,13.976,13.994666666666667
www.reddit.com,May 02,14:59:56,9
www.reddit.com,May 02,14:59:57,"[24.6, 52.8, 310.0, 190.0, 74.6, 61.5, 35.0, 540.0, 171.0, 31.3]",149.07999999999998
www.reddit.com,May 02,15:00:07,0,192.168.86.215,3.831902,18%
www.reddit.com,May 02,15:00:07,0,35913.699657,0.000929
www.reddit.com,May 02,15:00:07,1,192.168.86.1,0.000000,0%
www.reddit.com,May 02,15:00:07,1,0.000000,0.133668
www.reddit.com,May 02,15:00:07,2,96.120.74.249,0.000000,0%
www.reddit.com,May 02,15:00:07,2,0.000000,-0.055793
www.reddit.com,May 02,15:00:07,3,68.86.223.249,13.367909,0%
www.reddit.com,May 02,15:00:07,3,976.421637,0.011172
www.reddit.com,May 02,15:00:07,4,96.108.142.197,--.---,0%
www.reddit.com,May 02,15:00:07,4,194.544330,0.044316
www.reddit.com,May 02,15:00:07,5,68.85.35.37,0.000000,0%
www.reddit.com,May 02,15:00:07,5,0.000000,-0.033777
www.reddit.com,May 02,15:00:07,6,96.110.42.37,0.000000,0%
www.reddit.com,May 02,15:00:07,6,0.000000,0.043927
www.reddit.com,May 02,15:00:07,7,96.110.37.54,0.000000,0%
www.reddit.com,May 02,15:00:07,7,0.000000,-0.074579
www.reddit.com,May 02,15:00:07,8,50.242.150.178,--.---,0%
www.reddit.com,May 02,15:00:07,8,519.677271,0.020539
www.reddit.com,May 02,15:00:07,9
www.reddit.com,May 02,15:03:01,1,192.168.86.1,4.441,4.350,4.963,4.584666666666667
www.reddit.com,May 02,15:03:01,2,96.120.74.249,15.524,15.499,15.480,15.501
www.reddit.com,May 02,15:03:01,3,68.86.223.249,15.038,15.022,15.009,15.023000000000001
www.reddit.com,May 02,15:03:01,4,96.108.142.197,15.378,15.356,15.404,15.379333333333335
www.reddit.com,May 02,15:03:01,5,68.85.35.37,15.383,26.943,26.917,23.081
www.reddit.com,May 02,15:03:01,6,96.110.42.37,32.280,21.824,21.689,25.264333333333337
www.reddit.com,May 02,15:03:01,7,96.110.37.54,19.659,15.448,39.431,24.846
www.reddit.com,May 02,15:03:01,8,50.242.150.178,587.360,56.676,17.187,220.4076666666667
www.reddit.com,May 02,15:03:01,9,151.101.1.140,16.996,16.951,16.905,16.950666666666667
www.reddit.com,May 02,15:03:01,9
www.reddit.com,May 02,15:03:04,"[31.1, 54.6, 595.0, 606.0, 20.1, 345.0, 195.0, 136.0, 15.8, 435.0]",243.35999999999999
